<?xml version="1.0" encoding="UTF-8"?>
<!-- Copyright 2019 Artem Polishchuk <ego.cordatus@gmail.com> -->
<component type="desktop">
  <id>qimgv</id>
  <metadata_license>CC0</metadata_license>
  <project_license>GPL-3.0-or-later</project_license>
  <name>qimgv</name>
  <summary>Image viewer. Fast, easy to use. Optional video support.</summary>
  <description>
    <p>Image viewer. Fast, easy to use. Optional video support.

       Key features:

        - Simple UI
        - Fast
        - Easy to use
        - Fully configurable, including themes, shortcuts
        - High quality scaling
        - Basic image editing: Crop, Rotate and Resize
        - Ability to quickly copy / move images to different folders
        - Experimental video playback via libmpv
        - Folder view mode
        - Ability to run shell scripts</p>
  </description>
  <provides>
    <binary>qimgv</binary>
  </provides>
  <screenshots>
    <screenshot type="default">
      <image>https://raw.githubusercontent.com/easymodo/qimgv/master/qimgv/distrib/screenshots/qimgv0.9_1.jpg</image>
    </screenshot>
    <screenshot>
      <image>https://raw.githubusercontent.com/easymodo/qimgv/master/qimgv/distrib/screenshots/qimgv0.9_2.jpg</image>
    </screenshot>
    <screenshot>
      <image>https://raw.githubusercontent.com/easymodo/qimgv/master/qimgv/distrib/screenshots/qimgv_3.jpg</image>
    </screenshot>
  </screenshots>
  <developer_name>easymodo</developer_name>
  <url type="homepage">https://github.com/easymodo/qimgv</url>
  <url type="bugtracker">https://github.com/easymodo/qimgv/issues</url>
  <url type="translate">https://github.com/easymodo/qimgv/tree/master/qimgv/res/translations</url>
</component>
